name,email,division,usn,batch
John Doe,john.doe@kletech.ac.in,A,01FE23CS001
Shri,shri@kletech.ac.in,B,01FE23CS002
sudeep,sudeep@kletech.ac.in,C,01FE23CS003
girish,girish@kletech.ac.in,A,01FE23CS004
pallavi,pallavi@kletech.ac.in,B,01FE23CS005
usha,usha@gmail.com,C,01FE23CS006
rahul,rahul@kletech.ac.in,A,01FE23CS007